{
	"format_version": "1.8.0",
	"animations": {
		"animation.iron_lee.idle": {
			"animation_length": 5,
			"bones": {
				"right_arm": {
					"rotation": {
						"0.0": {
							"vector": [0, 0, 0]
						},
						"0.4583": {
							"vector": [-50, 0, 0]
						},
						"1.0": {
							"vector": [-46.58994, -20.71501, -18.50097]
						},
						"1.5": {
							"vector": [-50, 0, 0]
						},
						"1.9583": {
							"vector": [-46.58994, -20.71501, -18.50097]
						},
						"2.5": {
							"vector": [-50, 0, 0]
						},
						"3.0": {
							"vector": [-46.58994, -20.71501, -18.50097]
						},
						"3.5": {
							"vector": [-50, 0, 0]
						},
						"4.0": {
							"vector": [-46.58994, -20.71501, -18.50097]
						},
						"4.5": {
							"vector": [-50, 0, 0]
						},
						"5.0": {
							"vector": [0, 0, 0]
						}
					}
				},
				"left_arm": {
					"rotation": {
						"0.0": {
							"vector": [0, 0, 0]
						},
						"0.5": {
							"vector": [-47.5, 0, 0]
						},
						"1.0": {
							"vector": [-44.06852, 19.90349, 19.37626]
						},
						"1.5": {
							"vector": [-47, 0, 0]
						},
						"1.9583": {
							"vector": [-44.06852, 19.90349, 19.37626]
						},
						"2.5": {
							"vector": [-47, 0, 0]
						},
						"3.0": {
							"vector": [-44.06852, 19.90349, 19.37626]
						},
						"3.5": {
							"vector": [-47, 0, 0]
						},
						"4.0": {
							"vector": [-44.06852, 19.90349, 19.37626]
						},
						"4.5": {
							"vector": [-47, 0, 0]
						},
						"5.0": {
							"vector": [0, 0, 0]
						}
					}
				}
			}
		},
		"animation.iron_lee.walk": {
			"animation_length": 2,
			"bones": {
				"right_arm": {
					"rotation": {
						"0.0": {
							"vector": [0, 0, 0]
						},
						"0.5": {
							"vector": [30, 0, 0]
						},
						"1.0": {
							"vector": [0, 0, 0]
						},
						"1.5": {
							"vector": [-30, 0, 0]
						},
						"2.0": {
							"vector": [0, 0, 0]
						}
					}
				},
				"left_arm": {
					"rotation": {
						"0.0": {
							"vector": [0, 0, 0]
						},
						"0.5": {
							"vector": [-30, 0, 0]
						},
						"1.0": {
							"vector": [0, 0, 0]
						},
						"1.5": {
							"vector": [30, 0, 0]
						},
						"2.0": {
							"vector": [0, 0, 0]
						}
					}
				},
				"right_leg": {
					"rotation": {
						"0.0": {
							"vector": [0, 0, 0]
						},
						"0.5": {
							"vector": [-30, 0, 0]
						},
						"1.0": {
							"vector": [0, 0, 0]
						},
						"1.5": {
							"vector": [30, 0, 0]
						},
						"2.0": {
							"vector": [0, 0, 0]
						}
					}
				},
				"left_leg": {
					"rotation": {
						"0.0": {
							"vector": [0, 0, 0]
						},
						"0.5": {
							"vector": [30, 0, 0]
						},
						"1.0": {
							"vector": [0, 0, 0]
						},
						"1.5": {
							"vector": [-30, 0, 0]
						},
						"2.0": {
							"vector": [0, 0, 0]
						}
					}
				}
			}
		},
		"animation.iron_lee.slap": {
			"animation_length": 1.375,
			"bones": {
				"right_arm": {
					"rotation": {
						"0.3333": {
							"vector": [-2.5, 0, 0]
						},
						"0.6667": {
							"vector": [0, 0, 0]
						},
						"1.0": {
							"vector": [5, 0, 0]
						},
						"1.375": {
							"vector": [2.5, 0, 0]
						}
					}
				},
				"left_arm": {
					"rotation": {
						"0.0": {
							"vector": [0, 0, 0]
						},
						"0.25": {
							"vector": [-40.55305, -1.62598, -1.89926]
						},
						"0.375": {
							"vector": [-61.59718, -15.8926, -12.00656]
						},
						"0.5833": {
							"vector": [-63.36734, -71.72786, -35.15354]
						},
						"0.7917": {
							"vector": [77.2924, -38.18585, -188.42808]
						},
						"1.3333": {
							"vector": [-96.46453, 18.7487, -6.92841]
						}
					},
					"position": {
						"0.0": {
							"vector": [0, 0, 0]
						},
						"1.125": {
							"vector": [-2, 0, 0]
						}
					}
				}
			}
		}
	},
	"geckolib_format_version": 2
}