{
	"format_version": "1.8.0",
	"animations": {
		"animation.iron_lee.idle": {
			"animation_length": 1,
			"bones": {
				"right_arm": {
					"rotation": {
						"0.0": [0, 0, 0],
						"0.0833": [-50, 0, 0],
						"0.1667": [-46.58994, -20.71501, -18.50097],
						"0.2917": [-50, 0, 0],
						"0.375": [-46.58994, -20.71501, -18.50097],
						"0.5": [-50, 0, 0],
						"0.5417": [-46.58994, -20.71501, -18.50097],
						"0.6667": [-50, 0, 0],
						"0.7917": [-50, 0, 0],
						"0.9167": [0, 0, 0]
					}
				},
				"left_arm": {
					"rotation": {
						"0.0": [0, 0, 0],
						"0.0833": [-47.5, 0, 0],
						"0.1667": [-44.06852, 19.90349, 19.37626],
						"0.2917": [-47, 0, 0],
						"0.375": [-44.06852, 19.90349, 19.37626],
						"0.5": [-47, 0, 0],
						"0.5417": [-44.06852, 19.90349, 19.37626],
						"0.6667": [-47, 0, 0],
						"0.7917": [-47, 0, 0],
						"0.9167": [0, 0, 0]
					}
				}
			}
		},
		"animation.iron_lee.walk": {
			"animation_length": 1,
			"bones": {
				"right_arm": {
					"rotation": {
						"0.0": [0, 0, 0],
						"0.2": [30, 0, 0],
						"0.4": [0, 0, 0],
						"0.6": [-30, 0, 0],
						"0.9": [0, 0, 0]
					}
				},
				"left_arm": {
					"rotation": {
						"0.0": [0, 0, 0],
						"0.2": [-30, 0, 0],
						"0.4": [0, 0, 0],
						"0.6": [30, 0, 0],
						"0.9": [0, 0, 0]
					}
				},
				"right_leg": {
					"rotation": {
						"0.0": [0, 0, 0],
						"0.2": [-30, 0, 0],
						"0.4": [0, 0, 0],
						"0.6": [30, 0, 0],
						"0.9": [0, 0, 0]
					}
				},
				"left_leg": {
					"rotation": {
						"0.0": [0, 0, 0],
						"0.2": [30, 0, 0],
						"0.5": [0, 0, 0],
						"0.7": [-30, 0, 0],
						"1.0": [0, 0, 0]
					}
				}
			}
		},
		"animation.iron_lee.slap": {
			"animation_length": 1.4583,
			"bones": {
				"right_arm": {
					"rotation": {
						"0.1667": [-2.5, 0, 0],
						"0.3333": [0, 0, 0],
						"0.5": [5, 0, 0],
						"0.6667": [2.5, 0, 0]
					}
				},
				"left_arm": {
					"rotation": {
						"0.0": [0, 0, 0],
						"0.25": [-40.55305, -1.62598, -1.89926],
						"0.375": [-61.59718, -15.8926, -12.00656],
						"0.5833": [-63.36734, -71.72786, -35.15354],
						"0.7917": [77.2924, -38.18585, -188.42808],
						"1.4167": [-96.46453, 18.7487, -6.92841]
					},
					"position": {
						"0.0": [0, 0, 0],
						"1.125": [-2, 0, 0]
					}
				}
			}
		}
	}
}